Unit,Unit Title,Chinese,Pinyin,English Meaning
1,Name food and drinks,水,shuǐ,water
1,Name food and drinks,咖啡,kāfēi,coffee
1,Name food and drinks,和,hé,and
1,Name food and drinks,茶,chá,tea
1,Name food and drinks,米饭,mǐfàn,cooked rice
1,Name food and drinks,这是,zhè shì,this is
1,Name food and drinks,汤,tāng,soup
1,Name food and drinks,冰,bīng,ice; iced
1,Name food and drinks,你的,nǐ de,your
1,Name food and drinks,粥,zhōu,porridge / congee
1,Name food and drinks,豆腐,dòufu,tofu
1,Name food and drinks,热,rè,hot
2,Talk about nationalities,美国,Měiguó,United States / America
2,Talk about nationalities,中国,Zhōngguó,China
2,Talk about nationalities,日本,Rìběn,Japan
2,Talk about nationalities,韩国,Hánguó,Korea / South Korea
2,Talk about nationalities,人,rén,person; people
2,Talk about nationalities,中国人,Zhōngguórén,Chinese person / Chinese people
2,Talk about nationalities,我,wǒ,I; me
2,Talk about nationalities,你,nǐ,you
2,Talk about nationalities,我是,wǒ shì,I am
2,Talk about nationalities,你是,nǐ shì,you are
2,Talk about nationalities,你呢,nǐ ne,and you? / what about you?
2,Talk about nationalities,这是,zhè shì,this is
2,Talk about nationalities,嗨,hāi,hi
2,Talk about nationalities,对,duì,right; correct; yes
2,Talk about nationalities,对不对,duì bu duì,right or not? / is that correct?
3,Discuss professions,医生,yīshēng,doctor
3,Discuss professions,老师,lǎoshī,teacher
3,Discuss professions,律师,lǜshī,lawyer
3,Discuss professions,学生,xuésheng,student
3,Discuss professions,英语,Yīngyǔ,English language
3,Discuss professions,中文,Zhōngwén,Chinese language
3,Discuss professions,学,xué,to study; learn
3,Discuss professions,说,shuō,to speak; say
3,Discuss professions,对,duì,correct; yes
3,Discuss professions,对不对,duì bu duì,is that right?
3,Discuss professions,你是,nǐ shì,you are
4,Discuss your courses,大学生,dàxuéshēng,university student
4,Discuss your courses,课,kè,class; course; lesson
4,Discuss your courses,喜欢,xǐhuān,to like
4,Discuss your courses,数学,shùxué,mathematics
4,Discuss your courses,他,tā,he; him
4,Discuss your courses,上,shàng,"to attend / take, as in a class"
4,Discuss your courses,音乐,yīnyuè,music
4,Discuss your courses,她,tā,she; her
4,Discuss your courses,不,bù,not; no
5,Use possessive pronouns,儿子,érzi,son
5,Use possessive pronouns,女儿,nǚ'ér,daughter
5,Use possessive pronouns,爸爸,bàba,dad / father
5,Use possessive pronouns,妈妈,māma,mom / mother
5,Use possessive pronouns,老公,lǎogōng,husband
5,Use possessive pronouns,老婆,lǎopo,wife
5,Use possessive pronouns,婆婆,pópo,mother-in-law; husband's mother
5,Use possessive pronouns,公公,gōnggong,father-in-law; husband's father
5,Use possessive pronouns,中学生,zhōngxuéshēng,middle-school student
5,Use possessive pronouns,英国,Yīngguó,United Kingdom / Britain
5,Use possessive pronouns,加拿大,Jiānádà,Canada
5,Use possessive pronouns,的,de,possessive/modifying particle
5,Use possessive pronouns,吗,ma,yes/no question particle
5,Use possessive pronouns,也,yě,also; too
6,Talk about places you visit,饭馆,fànguǎn,restaurant
6,Talk about places you visit,书店,shūdiàn,bookstore
6,Talk about places you visit,超市,chāoshì,supermarket
6,Talk about places you visit,零食,língshí,snacks
6,Talk about places you visit,菜,cài,dish; food; vegetables
6,Talk about places you visit,吃,chī,to eat
6,Talk about places you visit,去,qù,to go
6,Talk about places you visit,买,mǎi,to buy
6,Talk about places you visit,看,kàn,to look; read; watch
6,Talk about places you visit,常常,chángcháng,often
6,Talk about places you visit,不常,bù cháng,not often
6,Talk about places you visit,韩文,Hánwén,Korean language/writing
7,Order drinks,一,yī,one
7,Order drinks,两,liǎng,"two, before measure words"
7,Order drinks,三,sān,three
7,Order drinks,杯,bēi,cup; measure word for cups
7,Order drinks,要,yào,to want; would like
7,Order drinks,奶茶,nǎichá,milk tea
7,Order drinks,牛奶,niúnǎi,milk
7,Order drinks,糖,táng,sugar
7,Order drinks,冰,bīng,ice; iced
7,Order drinks,绿茶,lǜchá,green tea
7,Order drinks,谢谢,xièxie,thank you
7,Order drinks,不客气,bú kèqi,you're welcome
7,Order drinks,不,bù,not; no
7,Order drinks,这,zhè,this
8,Locate travel essentials,手机,shǒujī,mobile phone
8,Locate travel essentials,钱包,qiánbāo,wallet
8,Locate travel essentials,洗手间,xǐshǒujiān,restroom / bathroom
8,Locate travel essentials,这里,zhèlǐ,here
8,Locate travel essentials,哪里,nǎlǐ,where
8,Locate travel essentials,在,zài,to be at/in; at
8,Locate travel essentials,在这里,zài zhèlǐ,be here / is here
8,Locate travel essentials,在那里,zài nàlǐ,be there / is there
8,Locate travel essentials,火车,huǒchē,train
8,Locate travel essentials,火车站,huǒchēzhàn,train station
8,Locate travel essentials,车票,chēpiào,ticket
8,Locate travel essentials,站台,zhàntái,platform
8,Locate travel essentials,行李,xíngli,luggage
8,Locate travel essentials,哎呀,āiyā,oh! / oh no!
8,Locate travel essentials,二,èr,two
8,Locate travel essentials,第一,dì-yī,first / number one
9,Introduce yourself and your classes,一个,yí ge,one; one item/person
9,Introduce yourself and your classes,同学,tóngxué,classmate
9,Introduce yourself and your classes,新,xīn,new
9,Introduce yourself and your classes,有,yǒu,to have; there is/are
9,Introduce yourself and your classes,叫,jiào,to be called; be named
9,Introduce yourself and your classes,你好,nǐ hǎo,hello
9,Introduce yourself and your classes,节,jié,measure word for class periods
9,Introduce yourself and your classes,四,sì,four
9,Introduce yourself and your classes,今天,jīntiān,today
9,Introduce yourself and your classes,历史,lìshǐ,history
9,Introduce yourself and your classes,真的吗,zhēn de ma,really? / is that true?
9,Introduce yourself and your classes,和,hé,and
9,Introduce yourself and your classes,都,dōu,all; both
9,Introduce yourself and your classes,A和B都…,A hé B dōu…,both A and B…
9,Introduce yourself and your classes,我们,wǒmen,we; us
9,Introduce yourself and your classes,们,men,plural suffix for people/pronouns
10,Discuss sports preferences,篮球,lánqiú,basketball
10,Discuss sports preferences,排球,páiqiú,volleyball
10,Discuss sports preferences,网球,wǎngqiú,tennis
10,Discuss sports preferences,游泳,yóuyǒng,swimming; to swim
10,Discuss sports preferences,跑步,pǎobù,running; to run/jog
10,Discuss sports preferences,健身房,jiànshēnfáng,gym
10,Discuss sports preferences,公园,gōngyuán,park
10,Discuss sports preferences,运动,yùndòng,sport; exercise
10,Discuss sports preferences,打,dǎ,"to play, for ball sports; hit"
10,Discuss sports preferences,非常,fēicháng,very; extremely
10,Discuss sports preferences,比较,bǐjiào,comparatively; rather
10,Discuss sports preferences,还是,háishi,"or, in an alternative question"
10,Discuss sports preferences,你们,nǐmen,"you, plural"
